Dokument-ID	Dokumenttyp	Verfasser/Autoren	Herausgeber	Haupttitel	Abstract	Auflage	Verlagsort	Verlag	Erscheinungsjahr	Seitenzahl	Schriftenreihe Titel	Schriftenreihe Bandzahl	ISBN	Quelle der Hochschulschrift	Konferenzname	Quelle:Titel	Quelle:Jahrgang	Quelle:Heftnummer	Quelle:Erste Seite	Quelle:Letzte Seite	URN	DOI	Abteilungen
OPUS4-47374	Dissertation	Benter, Christine		Wert und Nutzenstiftung in der Medizin	Zufriedenheitsanalysen durch Patientenbefragungen, wie in diesem Fall der neu entwickele und getestet Fragebogen (HNO-PROM), haben drei S�ulen. Es kann zum einen eine bessere Patientenbindung geschaffen werden, die Qualit�t kann gemessen, verglichen und optimiert werden und es kann ein Mitarbeiterleitfaden im Sinne einer &#8222;Corporate Identity" erstellt werden, welcher konkrete Managementimplikationen im Sinne von Handlungsimplikationen enth�lt. Der Leitgedanke des Qualit�tsmanagements ist die Patientenorientierung im Sinne der Patientenzentrierten Medizin. Hierbei sollen nicht nur W�nsche und Bed�rfnisse des Patienten erf�llt werden, sondern vorallem auch die Zufriedenheit gemessen und geplant werden. Gleichzeit muss man in diesem Zusammenhang die Behandlung der Patienten als Dienstleistung verstehen und die gr��tm�gliche Zufriedenheit des Patienten als prim�res Ziel setzen. Dies f�hrt zu einer Kundenbindung dadurch, dass Patienten sowohl eine gleichbleibende Qualit�t erwarten k�nnen als auch und auch weiche Faktoren ihren W�nschen entsprechen werden. Corporate Identity mit dem Ziel als Unternehmen einheitlich f�r die Werte und damit die Qualit�t zu stehen.. Dies erm�glicht, das Wohlbefinden in der Vorstellung der Patienten beginnen zu lassen und dadurch Vertrauen zu schaffen. Alle drei S�ulen haben nicht nur die Patientenzufriedenheit zum Ziel, sondern in gleichem Ma�e auch die Positionierung einer Institution auf dem Gesundheitsmarkt und damit die Verbesserung der Kosten-Nutzen-Rechnung durch ein positives Outcome. Damit f�rdern Zufriedenheitsanalysen nicht nur die �konomische Position einer Abteilung, sondern behalten gleicherma�en die ethischen Aspekte einer Arzt-Patienten-Beziehung im Blick.				2020	235								 					Wirtschaftswissenschaften
OPUS4-47426	Dissertation	Kirste, Matthias		Ruthenium(II)- und Rhenium(I)-Komplexe des 1,6,7,12-Tetraazaperylens und seiner Dimethyl- und Tetramethylderivate	Die vorliegende Dissertationsschrift mit dem Titel: &#8222;Ruthenium(II)- und Rhenium(I)-Komplexe des 1,6,7,12-Tetraazaperylens und seiner Dimethyl- und Tetramethylderivate" von Matthias Kirste wurde unter der Leitung des Herrn Prof. Dr. Hans-J�rgen Holdt am Institut f�r Chemie der Universit�t Potsdam angefertigt. Die Arbeit besch�ftigt sich mit Ruthenium(II)- und Rhenium(I)-Komplexen des gro�fl�chigen Liganden 1,6,7,12-Tetraazaperylen (tape) und seiner 2,11-Dimethyl-(dmtape)- und 2,5,8,11-Tetramethyl-(tmtape)-derivate. Es wurden die bekannten Herstellungen des tape- sowie des dmtape-Liganden verbessert und die Synthese des tmtape-Liganden neu entwickelt. Zudem gelang mit einer neu entwickelten chemischen Reaktion die Synthese des dianionischen 3,10-Disulfonato-1,6,7,12-tetraazaperylens. Mit dmtape und tmtape wurde jeweils ein neuer Ruthenium(II)-Komplex hergestellt. Die Komplexe wurden photophysikalisch und elektrochemisch charakterisiert. KT-DNS-Interkalationen wurden von einkernigen Ruthenium(II)-Komplexen mit jeweils tape-, dmtape- und tmtape als interkalative Einheit vermessen. Es zeigte sich, dass diese Komplexe mit einer hohen Bindungsaffinit�t in die doppelstr�ngige KT-DNS interkalieren. Aus den mononuklearen Ruthenium(II)-Komplexen gelang die Herstellung von heterodinuklearen RuIIReI-Komplexen, die charakteristische Signale in ihren UV/Vis-Absorptionsspektren zeigen und sehr leicht jeweils ein- sowie zweifach im Bereich von 70 mV bis -80 mV und -440 mV bis -600 mV vs. GKE reduzierbar sind. Diese dmtape- sowie tmtape-verbr�ckten heterodinuklearen RuIIReI-Komplexe erm�glichen eine Feinjustierung ihrer photophysikalischen und elektrochemischen Eigenschaften, wobei in dieser Arbeit mithilfe einer chemischen Reaktion eine gezielte Einstellung dieser Eigenschaften gezeigt werden konnte. Metallkomplexe mit solchen charakteristischen, leicht einstellbaren photophysikalischen sowie elektrochemischen Eigenschaften sind geeignete Sensor- und Elektronen-Shuttle-Molek�le besonders f�r bioanalytische Einsatzgebiete. Zudem k�nnten die vielen Einstellm�glichkeiten der elektronischen Struktur dieser Komplexe sehr interessant f�r katalytische Anwendungen sein.				2020	XII, 137								 					Institut f�r Chemie
OPUS4-47401	Dissertation	Diehl, Yannick		Die Dogmatik der "Ber�cksichtigung" im Internationalen Deliktsrecht	Im internationalen Deliktsrecht kommt es immer wieder zu Friktionen, wenn das anwendbare Recht nicht dem Recht des Ortes der sch�digenden Handlung entspricht. Der ma�gebliche haftungsbegr�ndende Verhaltensma�stab ist f�r den Sch�diger, der sich im Regelfall am Recht des Handlungsortes orientiert, in solchen Konstellationen nur schwer vorherzusehen. Der europ�ische Verordnungsgeber hat daher mit Art. 17 Rom-II-VO eine Norm geschaffen, die die &#8222;Ber�cksichtigung" von Sicherheits- und Verhaltensregeln des Handlungsortes unabh�ngig vom anwendbaren Recht allgemein anordnet. Diese &#8222;Ber�cksichtigung" statutsfremder Regeln ist ein Fremdk�rper im hergebrachten Methodengef�ge des kontinentalen IPR. Vor diesem Hintergrund untersucht Yannick Diehl M�glichkeiten zur Entwicklung einer tragf�higen dogmatischen Untermauerung der bisher zu gro�en Teilen diffus gebliebenen Rechtsfigur.		T�bingen	Mohr Siebeck	2020	218	Studien zum ausl�ndischen und internationalen Privatrecht		978-3-16-159655-1					 450				10.1628/978-3-16-159656-8	B�rgerliches Recht
OPUS4-47403	Buch (Monographie)	Mitsch, Wolfgang; Ellbogen, Klaus		F�lle zum Strafprozessrecht	Die Aneignung von Falll�sungskompetenz im Strafprozessrecht empfiehlt sich nicht nur f�r Rechtsreferendare, die sowohl in der Strafrechtsstation des Vorbereitungsdienstes als auch im zweiten Staatsexamen �ber solide Kenntnisse in diesem Rechtsgebiet verf�gen m�ssen. Auch Studierende sollten sich im Hinblick auf die m�ndliche Examenspr�fung, das Referendariat und die sp�tere berufliche Praxis m�glichst fr�hzeitig w�hrend des Studiums mit der Materie befassen. Das notwendige Wissen und die Fertigkeit im Umgang mit strafprozessrechtlichen Sachverhalten erlernt man dabei - angesichts der geringen Anschaulichkeit des Rechtsgebietes - am besten durch aktive Bearbeitung von �bungsf�llen und -klausuren. Dieses Fallbuch enth�lt zw�lf anspruchsvolle und umfangreiche F�lle zum Strafprozessrecht sowie zw�lf strafprozessuale Zusatzfragen und gibt dem Benutzer damit ausreichend Material, um sich in die Methodik der Fallbearbeitung in diesem Rechtsgebiet einzuarbeiten.	2. neubearbeitete Auflage	M�nchen	Verlag Franz Vahlen	2020	XVI, 212	Klausurenkurs : Juristische �bungsb�cher	2020	978-3-8006-5987-6					 					Strafrecht
OPUS4-47424	Dissertation	Sa�, Stephan		Optische chemische Sensorik mittels Phasenmodulationsspektroskopie	Die vorgelegte Arbeit besteht aus drei Teilprojekten, der Realisierung eines Multiparametersensors (Temperatur, pH-Wert und Sauerstoffkonzentration), der Konzipierung und Untersuchung eines optischen Atemgassensors und Untersuchungen zur Anwendung des Konzeptes der Sauerstoffl�schung in der Immuntechnologie. Zur Realisierung des Multiparametersensors wurden die einzelnen Sensorfarbstoffe, sofern notwendig, synthetisiert und anschlie�end einzeln unter Laborbedingungen charakterisiert. Im weiteren Verlauf wurde ein Versuchsaufbau konzipiert mit dem es m�glich ist, alle verwendeten Sensorfarbstoffe mit einer Anregungsquelle anzuregen. Dabei erfolgte die Detektion der Parameter Temperatur und Sauerstoffkonzentration mittels Phasenmodulationsspektroskopie und die pH-Wert-bestimmung mittels station�rer Fluoreszenzspektroskopie. So konnte ein Multiparametersensor konzipiert werden, mit dem es m�glich ist, die drei genannten Parameter simultan, in Echtzeit und ohne externe Temperaturmessung zu detektieren. Im Rahmen der Entwicklung eines optischen Atemgassensors konnte zun�chst eine neue Sensorform entwickelt werden. Durch diese neue Sensorform, welche sich durch sehr kurze Ansprechzeiten auszeichnet, ist es m�glich den Sauerstoffgehalt in der Exspirationsluft sehr detailreich zu erfassen. Durch freiwillige Selbstversuche mit dem Atemgassensor konnte eine Korrelation mit einer etablierten Untersuchungsmethode hergestellt werden. W�hrend der Untersuchungen zur Anwendung des Konzeptes der Sauerstoffl�schung in der Immuntechnologie konnte zun�chst ein Modell entwickelt werden, welches die Wechselwirkung zwischen Antik�rper und synthetisiertem Farbstoff, welcher als Antigen fungierte, beschreibt. Nachdem weiterhin eine Wechselwirkung zwischen Antik�rper und Antigen in einfachen Medien, wie PBS-Pufferl�sung, gezeigt werden konnte, gelang dies auch in komplexen Medien wie bovinem Serum, Kuhmilch oder Speichelfl�ssigkeit. So konnte ein System entwickelt werden, mit dem es m�glich ist Antik�rper-Antigen-Wechselwirkungen in komplexen biologischen Medien zu verfolgen.				2020	102, xviii								 					Institut f�r Chemie
OPUS4-45928	Dissertation	Gebauer, Sascha		Hugo Gre�mann und sein Programm der Religionsgeschichte	Hugo Gre�mann (1877-1927) hat als einer der f�hrenden Vertreter der Religionsgeschichtlichen Schule die religionsgeschichtliche Methode zur Geltung gebracht. Die biographisch-wissenschaftsgeschichtliche Studie stellt Gre�manns religionsgeschichtliches Programm dar, ordnet es in den wissenschaftshistorischen Kontext ein und zeigt seine Bedeutung f�r die weitere Wissenschaftsgeschichte auf.		Berlin/Boston	de Gruyter	2020	288	Beihefte zur Zeitschrift f�r die alttestamentliche Wissenschaft ; 523		978-3-11-066965-7					 				10.1515/9783110669657	Institut f�r J�dische Studien und Religionswissenschaft
OPUS4-47609	Wissenschaftlicher Artikel	Br�ning, Christina		Heterogenit�t			Frankfurt	Wochenschau	2020	3	W�rterbuch Politikunterricht		978-3-7344-0953-0					 	107	110			Fachgruppe Politik- & Verwaltungswissenschaft
OPUS4-47610	Wissenschaftlicher Artikel	Juchler, Ingo		Urteilskompetenz			Frankfurt	Wochenschau	2020	3	W�rterbuch Politikunterricht		978-3-7344-0953-0					 	232	235			Fachgruppe Politik- & Verwaltungswissenschaft
OPUS4-47598	Buch (Monographie)	Th�ne, Meik		Autonome Systeme und deliktische Haftung	Begriffe wie &#8222;Industrie 4.0", &#8222;Internet der Dinge" und &#8222;Big Data" haben unl�ngst Eingang in den allgemeinen Zeitgeist gefunden und stehen synonym f�r die zahlreichen, durch Digitalisierung sowie Automatisierung angesto�enen Ver�nderungen des menschlichen (Zusammen-)Lebens und der juristischen Bewertung. Namentlich der Einsatz autonomer, auf der Grundlage k�nstlicher Intelligenz agierender Systeme l�sst die Ankn�pfungspunkte eines Verschuldensvorwurfes schwinden und damit technische Innovation und tradiertes Verschuldensprinzip wie unvers�hnliche Kinder verschiedener Zeiten wirken. Tats�chlich aber gew�hrleistet allein die Verkn�pfung von Ausgleichspflicht und Sorgfaltswidrigkeit eine hinreichende Freiheitsgew�hr sowie eine interessen- und einzelfallgerechte Schadenszuweisung und entspricht damit dem sozialen Gerechtigkeitsempfinden.		T�bingen	Siebeck	2020	VIII, 311	Schriften zum Recht der Digitalisierung ; 1		978-3-16-159492-2					 					B�rgerliches Recht
OPUS4-47605	Buch (Monographie)	Schmidt, Thorsten Ingo		Fallrepetitorium Allgemeines Verwaltungsrecht mit VwGO	Das Fallrepetitorium bietet ein ideales Lern- und Wiederholungsinstrument f�r die pr�fungsrelevantesten Bereiche des �ffentlichen Rechts. Referendare und Studenten in der Examensvorbereitung k�nnen anhand von ca. 800 kleinen F�llen die examensrelevanten Fragen des Allgemeinen Verwaltungsrechts und verwaltungsprozessuale Problemkreise erfassen. Die Fragen sind je nach Schwierigkeitsgrad klassifiziert und entsprechend gekennzeichnet. So kann der Leser stets einsch�tzen, auf welchem Niveau er sich bewegt. Zum Nachlesen und Vertiefen verweisen die Antworten auf konkrete Randnummern g�ngiger Lehrb�cher. So bietet sich dem Leser eine optimale &#8222;Lerneinheit". �bersichten und Grafiken veranschaulichen einpr�gsam den Lerninhalt. Aufbauschemata zu den wichtigsten verwaltungsgerichtlichen Klage- und Antragsarten unterst�tzen das Lernen und Wiederholen und helfen bei der praktischen Falll�sung.	3. Aufl.	Heidelberg	M�ller	2020	XXIV, 456	Deutschland ; Verwaltungsstreitverfahren ; Juristische Staatspr�fung 2		978-3-8114-4938-1					 					�ffentliches Recht
OPUS4-47606	Buch (Monographie)	Schleicher, Hans-Georg		Doppelte Zeitenwende			Potsdam	Welttrends	2020	227			978-3-947802-53-1					 					WeltTrends e.V. Potsdam
OPUS4-44593	Dissertation	Kaminskiy, Vitaliy		Korrespondenzregelungen zur Neutralisierung von Besteuerungsinkongruenzen aufgrund hybrider Gestaltungen	Hybride Gestaltungen geh�ren zu den wichtigsten Aufbauelementen von grenz�berschreitenden Steuergestaltungsmodellen und sind eines der komplexesten Themen des Internationalen Steuerrechts. Mit der Anti Tax Avoidance Directive (ATAD) hat der Unionsgesetzgeber den Mitgliedstaaten die rechtliche Verpflichtung auferlegt, die mit hybriden Gestaltungen einhergehenden Besteuerungsinkongruenzen durch Korrespondenzregelungen zu neutralisieren. Das Werk durchdringt die einschl�gigen Richtlinienvorschriften grundlegend und greift dabei die OECD-Regelungsempfehlungen zu BEPS-Aktionspunkt 2 auf. Dabei werden bedeutsame Divergenzen aufgezeigt und Zweifelsfragen diskutiert. Die Vorarbeiten dienen als Beurteilungsrahmen f�r den nachfolgend durchgef�hrten Abgleich mit dem deutschen Rechtsrahmen. Auf dieser Grundlage wird der verbleibende gesetzgeberische Umsetzungsbedarf identifiziert. Zum Abschluss wird der Entwurf des ATAD-Umsetzungsgesetzes kritisch gew�rdigt.		Baden-Baden	Nomos	2020	294	Steuerwissenschaftliche Schriften ; 71		978-3-8487-6541-6					 					�ffentliches Recht
OPUS4-44347	Wissenschaftlicher Artikel	Ludwig, Joachim		Geht das unter die Haut?			Opladen	Budrich	2020	13	Erwachsenenbildung und Lernen in Zeiten von Globalisierung, Transformation und Entgrenzung		978-3-8474-2345-4					 	327	340			Department Erziehungswissenschaft
OPUS4-44618	Dissertation	Gebauer, Sascha		Hugo Gre�mann und sein Programm der Religionsgeschichte	Hugo Gre�mann (1877-1927) hat als einer der f�hrenden Vertreter der Religionsgeschichtlichen Schule die religionsgeschichtliche Methode zur Geltung gebracht. Die biographisch-wissenschaftsgeschichtliche Studie stellt Gre�manns religionsgeschichtliches Programm dar, ordnet es in den wissenschaftshistorischen Kontext ein und zeigt seine Bedeutung f�r die weitere Wissenschaftsgeschichte auf.		Berlin	de Gruyter	2020	IX, 277	Beihefte zur Zeitschrift f�r die alttestamentliche Wissenschaft ; 523		978-3-11-066762-2					 					Institut f�r Religionswissenschaft
OPUS4-47725	Dissertation	Holste genannt G�cke, Benedikt		Die Besteuerung von Ordensgemeinschaften	Die Untersuchung widmet sich mit der Besteuerung von Ordensgemeinschaften einem bisher in der Rechtswissenschaft vernachl�ssigten Thema, aus dem gr��eren Themenbereich der Besteuerung des Dritten Sektors. Die Vernachl�ssigung verwundert, kommt den Ordensgemeinschaften doch seit Jahrhunderten mit denen von ihnen in Deutschland betriebenen sozialen Einrichtungen eine erhebliche Bedeutung zu. Die vorliegende Arbeit schlie�t diese L�cke in ansprechender Weise. Durch die Bearbeitung entsteht auch ein �bergreifendes Bild des geltenden Besteuerungsregimes im Dritten Sektor und seiner Problemfelder.		Baden-Baden	Nomos	2020	260	Steuerwissenschaftliche Schriften ; 73		978-3-8487-6940-7					 					�ffentliches Recht
OPUS4-47726	Dissertation	Scholz, Florian		Leadership and prosocial behavior					2020									 					Fachgruppe Betriebswirtschaftslehre
OPUS4-47655	Buch (Monographie)	Symmachus, Quintus Aurelius	Forst, Alexandra	Amtliche Schreiben			Berlin	de Gruyter	2020	308	Sammlung Tusculum		978-3-11-060904-2  (print)					 				https://doi.org/10.1515/9783110610581	Klassische Philologie
OPUS4-47656	Wissenschaftlicher Artikel	Trilcke, Peer		In der "Sophaecke" der Berliner Moderne			Berlin	Quintus	2020	12	Theodor Fontane, Gerhart Hauptmann und die vergessene Moderne		978-3-947215-79-9					 	233	245			Institut f�r Germanistik
OPUS4-47657	Review	M�ller, Klaus-Dieter		"Balancirkunst" oder "das Revolution�re" und "das Elementare"			Berlin	Quintus	2020	25	Theodor Fontane, Gerhart Hauptmann und die vergessene Moderne		978-3-947215-79-9					 	79	104			Klassische Philologie
OPUS4-47709	Buch (Monographie)	Petersen, Jens		Machiavellis Gesetzgebungslehre			Berlin	de Gruyter	2020	XV, 340			978-3-11-063952-0 print					 					B�rgerliches Recht
OPUS4-47710	misc		Kirchner, Vera	# Wirtschaft (Schulbuch)			Bamberg	Buchner	2020	66	Differenzierungsheft : Materialien f�r einen differenzierenden und sprachsensiblen Unterricht (Lehrerband)		978-3-661-82248-8					 					Department Grundschulp�dagogik
OPUS4-47711	Wissenschaftlicher Artikel	Hickmann, Thomas; Lederer, Markus		Einleitung: Harald Fuhr - vision�rer Grenzg�nger mit Leidenschaft, Eingebung und Augenma�			Bade-Baden	Nomos	2020	8	Leidenschaft und Augenma� : sozialwissenschaftliche Perspektiven auf Entwicklung, Verwaltung, Umwelt und Klima : Festschrift f�r Harald Fuhr		978-3-8487-5249-2					 	13	21			Fachgruppe Politik- & Verwaltungswissenschaft
OPUS4-47712	Wissenschaftlicher Artikel	Kuhlmann, Sabine		Bessere Verwaltung durch Dezentralisierung? Eine l�ndervergleichende Analyse institutioneller Reformeffekte			Bade-Baden	Nomos	2020	18	Leidenschaft und Augenma� : sozialwissenschaftliche Perspektiven auf Entwicklung, Verwaltung, Umwelt und Klima : Festschrift f�r Harald Fuhr		978-3-8487-5249-2					 	39	57			Fachgruppe Politik- & Verwaltungswissenschaft
OPUS4-47713	Wissenschaftlicher Artikel	Dieter, Heribert		Germany as a Leading Power			Baden-Baden	Nomos	2020	11	Leidenschaft und Augenma� : sozialwissenschaftliche Perspektiven auf Entwicklung, Verwaltung, Umwelt und Klima : Festschrift f�r Harald Fuhr		978-3-8487-5249-2					 	73	84			Fachgruppe Politik- & Verwaltungswissenschaft
OPUS4-47714	Wissenschaftlicher Artikel	Reiners, Nina		Opposites Attract?			Baden-Baden	Nomos	2020	9	Leidenschaft und Augenma� : sozialwissenschaftliche Perspektiven auf Entwicklung, Verwaltung, Umwelt und Klima : Festschrift f�r Harald Fuhr		978-3-8487-5249-2					 	99	108			Fachgruppe Politik- & Verwaltungswissenschaft
OPUS4-47715	Wissenschaftlicher Artikel	Hustedt, Thurid; Seyfried, Markus		Challenges, Triggers and Initiatorsof Climate Policies and Implications for Policy Formulation			Baden-Baden	Nomos	2020	10	Leidenschaft und Augenma� : sozialwissenschaftliche Perspektiven auf Entwicklung, Verwaltung, Umwelt und Klima : Festschrift f�r Harald Fuhr		978-3-8487-5249-2					 	169	179			Fachgruppe Volkswirtschaftslehre
OPUS4-47716	Wissenschaftlicher Artikel	Iro, Adrea; Patel, Urvaksh D.		Making Climate Finance Effective			Baden-Baden	Nomos	2020	13	Leidenschaft und Augenma� : sozialwissenschaftliche Perspektiven auf Entwicklung, Verwaltung, Umwelt und Klima : Festschrift f�r Harald Fuhr		978-3-8487-5249-2					 	181	194			Fachgruppe Volkswirtschaftslehre
OPUS4-47717	Wissenschaftlicher Artikel	Streck, Charlotte		Public and Private Responsibility and the Evolving Climate Regime			Baden-Baden	Nomos	2020	13	Leidenschaft und Augenma� : sozialwissenschaftliche Perspektiven auf Entwicklung, Verwaltung, Umwelt und Klima : Festschrift f�r Harald Fuhr		978-3-8487-5249-2					 	221	234			Fachgruppe Volkswirtschaftslehre
OPUS4-47718	Wissenschaftlicher Artikel	Gebhardt, Thomas		The Potsdam "Master of Public Management"(MPM) Program			Baden-Baden	Nomos	2020	14	Leidenschaft und Augenma� : sozialwissenschaftliche Perspektiven auf Entwicklung, Verwaltung, Umwelt und Klima : Festschrift f�r Harald Fuhr		978-3-8487-5249-2					 	247	261			Fachgruppe Volkswirtschaftslehre
OPUS4-47720	Wissenschaftlicher Artikel	Sprinz, Detlef F.; Shreejaya, Shradha; Prasad, Devi K. V.		Predicting Climate Policy Choices			Baden-Baden	Nomos	2020	11	Leidenschaft und Augenma� : sozialwissenschaftliche Perspektiven auf Entwicklung, Verwaltung, Umwelt und Klima : Festschrift f�r Harald Fuhr							 	207	218			Fachgruppe Volkswirtschaftslehre
OPUS4-47070	Wissenschaftlicher Artikel	Pr�ve, Ralf		Strukturierte und strukturierende Zeiten: lebensweltliche Zyklen und deren Erfindungen			Berlin	trafo	2020	20	Zyklizit�t & Rhythmik: eine multidisziplin�re Vorlesungsreihe		978-3-86464-169-5					 	105	125			Historisches Institut
OPUS4-47071	Wissenschaftlicher Artikel	K�stler, Andreas		Zyklizit�t und Rythmik in der Bildenden Kunst			Berlin	trafo	2020	25	Zyklizit�t & Rhythmik: eine multidisziplin�re Vorlesungsreihe		978-3-86464-169-5					 	127	152			Institut f�r K�nste und Medien
OPUS4-47072	Wissenschaftlicher Artikel	Petsche, Hans-Joachim		Einf�hrung			Berlin	trafo	2020	2	Zyklizit�t & Rhythmik: eine multidisziplin�re Vorlesungsreihe		978-3-86464-169-5					 	9	11			Institut f�r Philosophie
OPUS4-47055	Buch (Monographie)		Mihalyi, Sandro; Sprengler, Alexander Gerhard; Petsche, Hans-Joachim	Philosophie & Weltbild			Berlin	trafo	2020	133	studieren++;  6		978-3-86464-208-1					 					Historisches Institut
OPUS4-47056	Wissenschaftlicher Artikel	Petsche, Hans-Joachim		Die Wissenschaft denkt nicht - Vom Nutzen und Nachteil der Grenzen exakter Wissenschaft			Berlin	trafo	2020	5	Philosophie & Weltbild : Philosophie und Wissenschaft im Diskurs - ein interdisziplin�res Projekt		978-3-86464-208-1					 	9	14			Historisches Institut
OPUS4-47057	Wissenschaftlicher Artikel	Ebke, Thomas		Wissenschaftstheorie oder -geschichte? �ber das "Nachtleben" der Metaphysik in der philosophischen Moderne			Berlin	trafo	2020	21	Philosophie & Weltbild : Philosophie und Wissenschaft im Diskurs - ein interdisziplin�res Projekt		978-3-86464-208-1					 	29	50			Historisches Institut
OPUS4-47058	Wissenschaftlicher Artikel	B�ttner-von St�lpnagel, Stefan		Galileis "Platonismus" als Reaktion auf das prinzipielle Manko der aristotelischen Bewegungslehre			Berlin	trafo	2020	16	Philosophie & Weltbild : Philosophie und Wissenschaft im Diskurs - ein interdisziplin�res Projekt		978-3-86464-208-1					 	51	67			Institut f�r Philosophie
OPUS4-47059	Wissenschaftlicher Artikel	Pr�ve, Ralf		Aufgaben und Ziele der Geschichtswissenschaft in Forschung und Lehre. Perspektiven, H�rden und Potenziale			Berlin	trafo	2020	34	Philosophie & Weltbild : Philosophie und Wissenschaft im Diskurs - ein interdisziplin�res Projekt		978-3-86464-208-1					 	69	103			Historisches Institut
OPUS4-47022	Wissenschaftlicher Artikel	Stillmark, Hans-Christian	Lehnert, Gertrud; Weilandt, Maria	Hilbigs Italienreise	Der Artikel untersucht einen Reisebericht Wolfgang Hilbigs - seine erste und einzige Italienreise, die er selbst in Korrelation stellte zu ber�hmten Vorg�ngern Goethe und Heine. Als DDR-B�rger schlug er vor angesichts des Reiseverbots �berall in der DDR Miniaturen der L�nder aufzustellen, die den B�rgern des Landes unzug�nglich waren. Eine sarkastische Umgangsweise mit Miniaturen, die er in Rimini vorfand.	Erstauflage	W�rzburg	K�nigshausen & Neumann	2020	13	Materielle Miniaturen: zur �sthetik der Verkleinerung		978-3-8260-6679-5					 	301	314			Institut f�r K�nste und Medien
OPUS4-47061	Wissenschaftlicher Artikel	Putz, Oliver		Glauberndes Verstehen. Ein hermeneutischer Ansatz zu Integration von Religion und Natuwissenschaft			Berlin	trafo	2020	26	Philosophie & Weltbild : Philosophie und Wissenschaft im Diskurs - ein interdisziplin�res Projekt		978-3-86464-208-1					 	105	131			Institut f�r J�dische Studien und Religionswissenschaft
OPUS4-47062	Wissenschaftlicher Artikel	G�se, Frank		"Es wird Mir nicht an mitteln mangeln, Meinen V�terlichen respect und autorit�t zu mainteniren". Der Streit zwischen dem "Gro�en Kurf�rsten" und Kurprinz Friedrich			M�nster	Aschendorff	2020	10	Machtmensch - Familienmensch. Kurf�rst Friedrich Wilhelm von Brandenburg (1620-1688)		978-3-402-13419-1					 	159	169			Historisches Institut
OPUS4-47064	Buch (Monographie)		Petsche, Hans-Joachim	Zyklizit�t & Rhythmik			Berlin	trafo	2020	153	studieren ++; 5		978-3-86464-169-5					 					Institut f�r Philosophie
OPUS4-47065	Wissenschaftlicher Artikel	Petsche, Hans-Joachim		Von Sisyphos und der Kunst zu leben - Dialektik und Selbstorganisation			Berlin	trafo	2020	33	Zyklizit�t & Rhythmik: eine multidisziplin�re Vorlesungsreihe		978-3-86464-169-5					 	13	46			Institut f�r Philosophie
OPUS4-47066	Wissenschaftlicher Artikel	Heinemann, Maik		Zyklische Ph�nomene in der �konomie - Ein Einblick in dei Theorie und Empirie konjunktureller Schwankungen			Berlin	trafo	2020	22	Zyklizit�t & Rhythmik: eine multidisziplin�re Vorlesungsreihe		978-3-86464-169-5					 	47	69			Wirtschaftswissenschaften
OPUS4-47067	Wissenschaftlicher Artikel	Wilkens, Martin		AS TIME GOES BY. Rythmizit�t Zyklizit�t - Kategorien zeitlicher Stukturierung			Berlin	trafo	2020	13	Zyklizit�t & Rhythmik: eine multidisziplin�re Vorlesungsreihe		978-3-86464-169-5					 	71	84			Institut f�r Physik und Astronomie
OPUS4-47068	Wissenschaftlicher Artikel	Junek, Heinz		Zyklizit�t in Raum, zeit und geist : �ber Pflasterungen, Rollkurven, Dezimalbr�che, Schwingungen, Wellen, Iteration und Neuronale Netze			Berlin	trafo	2020	18	Zyklizit�t & Rhythmik: eine multidisziplin�re Vorlesungsreihe		978-3-86464-169-5					 	85	103			Institut f�r Mathematik
OPUS4-46807	Dissertation	Koewius, Henning		Das Wettbewerbskriterium der Mehrwertsteuersystemrichtlinie und dessen Einfluss auf die Umsatzbesteuerung der �ffentlichen Hand	Die Umsatzbesteuerung staatlichen Handelns scheint widersinnig. Zum Schutz des freien Wettbewerbs kann dies jedoch geboten sein. Die steuerliche Definition des Wettbewerbsbegriffes, des Marktes sowie der wirtschaftlichen T�tigkeit f�hrt dazu, dass staatliches und privates Handeln konsequent anhand des Wettbewerbskriteriums getrennt werden m�ssen. F�r die Frage der Steuerbarkeit ist dann nicht mehr entscheidend, ob der Staat in Rechtsform einer GmbH als juristische Person des Privatrechts oder als juristische Person des �ffentlichen Rechts gehandelt hat. Das in dieser Arbeit entwickelte Verst�ndnis des Wettbewerbsbegriffs zeigt auch die Schw�chen des neuen �2b Umsatzsteuergesetz auf und macht einen R�ckgriff auf das Europarecht weiterhin zwingend notwendig.		Frankfurt, M. ; Berlin ; Bern ; Bruxelles ; New York, NY ; Oxford ; Wien	Peter Lang	2020	271	Europ�ische Hochschulschriften = Publications universitaires europ�ennes = European university studies. Reihe 2, Rechtswissenschaft		978-3-631-81566-3					 6165				10.3726/b17013	�ffentliches Recht
OPUS4-46809	Dissertation	Feix, Stefan		Ma�st�be f�r eine gelungene richterliche Rechtsfortbildung	Mit dieser Arbeit soll ein Vorschlag unterbreitet werden, wie gerichtliche Entscheidungen analysiert und bewertet werden k�nnen. Im Mittelpunkt der Arbeit steht dabei die von Karl Larenz aufgeworfene Fragestellung, unter welchen Voraussetzungen eine richterliche Rechtsfortbildung als gelungen bezeichnet werden kann. Geht man in diesem Zusammenhang von der grunds�tzlichen Annahme aus, dass sich die Auslegung und Rechtsfortbildung trennen lassen, werden f�r diese Arbeit im wesentlichen drei Dinge relevant: Zum einen stellt sich die Frage wie Richterrecht auszulegen ist, da nur bei Kl�rung des konkreten Inhalts einer Entscheidung ein qualitatives Urteil erm�glicht wird. Sodann stellt sich die Frage, wie die Kriterien zu entwickeln sind. Dabei schl�gt diese Arbeit Wege vor, bestehende Kriterien zu untermauern und zu pr�zisieren und neue Ma�st�be selbst zu entwickeln. Eine Anwendung der entwickelten Kriterien soll zum Abschluss anhand der Delisting-Rechtsprechung des BGH erfolgen.		Berlin	Duncker & Humblot	2020	312	Schriften zur Rechtstheorie ; 293		978-3-428-15836-2					 293					B�rgerliches Recht
OPUS4-46989	Dissertation	Menning, Axel		Koh�renz und Kreativit�t					2020	225								 					Fachgruppe Betriebswirtschaftslehre
OPUS4-46779	Teil eines Buches	Faber, Eike		Antiker Kannibalismus zwischen Mythos und Historie			Stuttgart	Steiner Verlag	2020	27	Zwischen Hunger und �berfluss		978-3-515-12628-1					 	217	244			Historisches Institut
OPUS4-47772	Dissertation	Tetzlaff, Sebastian		Im Spannungsverh�ltnis zwischen Kooperation und Korruption im Gesundheitswesen	Die �� 299a, 299b StGB sind das Ergebnis eines legitimen gesetzgeberischen Anliegens, die Umsetzung erfolgte indes defizit�r. Der Rechtsg�terschutz ist nicht konsistent, was zu dessen Weiterentwicklung zwingt. Die unkritische �bernahme der Auslegungsergebnisse zu � 299 StGB - obwohl vom Gesetzgeber intendiert - ist dar�ber hinaus oftmals verfehlt. Die Arbeit hinterfragt diesen Ansatz und zeigt L�sungen auf. Um existente Strafbarkeitsl�cken zu schlie�en ist es ferner unerl�sslich eine verfassungskonforme &#8222;Pflichtverletzungsvariante" einzuf�hren. Ferner b�te eine Clearingstelle Rechtssicherheit, insbesondere mit der M�glichkeit zur Genehmigung von Austauschverh�ltnissen im Gesundheitswesen. Hierzu werden Vorschl�ge gemacht.		Baden-Baden	Nomos	2020	342	Schriftenreihe zum deutschen, europ�ischen und internationalen Wirtschaftsstrafrecht ; 43		978-3-8487-6862-2					 					Strafrecht
OPUS4-47802	Buch (Monographie)	Petersen, Jens		Die m�ndliche Pr�fung im ersten juristischen Staatsexamen	Dieses Buch dient der Vorbereitung der m�ndlichen Staatspr�fung.F�r alle Arten der m�ndlichen Pr�fung werden konkrete Handlungsempfehlungen aufgezeigt. Skizzierte Pr�fungsgespr�che erm�glichen zudem die Wiederholung des Pflichtfachstoffs.	4. Aufl.	Berlin	de Gruyter	2020	VIII, 217			978-3-11-064372-5 print					 					B�rgerliches Recht
OPUS4-47810	Buch (Monographie)	B�rner, Ren�		Umweltstrafrecht	Das vorliegende Lehrbuch vermittelt Studierenden und Rechtspraktikern eine schnelle Orientierung und sichere Wege zur L�sung praxisnaher F�lle im Umweltstrafrecht, dessen Bedeutung im Studium und in der Rechtspraxis rasant zunimmt. Die tiefgr�ndig behandelte Rechtsdogmatik wird anhand klarer Strukturen und zahlreicher Beispiele didaktisch aufbereitet.		Berlin	Springer	2020	XIII, 374	Springer-Lehrbuch		978-3-662-60628-5					 					Strafrecht
OPUS4-47797	Dissertation	Killet, Julia		Fiktion und Wirklichkeit			Hamburg	Kulturmaschinen Verlag	2020	348			978-3-96763-084-8					 					Institut f�r Germanistik
OPUS4-44204	misc	Bezzenberger, Tilman; Nicolas-Maguin, Marie-France		Lohnt sich das Abstraktionsprinzip?	Ein wichtiges Anliegen aller Privatrechtsordnungen ist die Sicherheit und Verl�sslichkeit des G�tertransfers. In einer entwickelten Wirtschaft, die auf Arbeitsteilung und Umsatz basiert, gibt es lange Lieferketten. Person A liefert ein Gut an B, dann liefert B an C und immer so weiter. Die einzelnen Glieder in der Kette m�ssen das Gut sicher und verl�sslich erwerben k�nnen. Wenn nun aber das Gesch�ft zwischen A und B von Anfang an ung�ltig ist oder nachtr�glich hinf�llig wird, stellt sich die Frage, wem das Gut geh�rt. Das deutsche Recht begegnet dieser Frage unter anderem mit dem Trennungs- und Abstraktionsprinzip: Kauf und �bereignung sind zwei gesonderte Vertr�ge, und die Wirksamkeit der �bereignung ist unabh�ngig vom Bestand und von der Wirksamkeit des Kaufvertrag. Das wird von deutschen Juristen als Schl�ssel wissenschaftlichen Rechtsdenkens hochgehalten, st��t aber au�erhalb Deutschlands und speziell in Frankreich auf Unverst�ndnis. Denn im franz�sischen Recht sind Kauf und �bereignung Eins. Im Folgenden geht es nicht so sehr um die geistige Qualit�t des deutschen Trennungs- und Abstraktionsprinzips, die unbestreitbar ist, sondern vor allem um die Frage, ob diese Prinzi-pien im Vergleich zur franz�sischen Einheit von Kauf und �bereignung praktische Vorteile haben. Die Untersuchung konzentriert sich auf die �bertragung von beweglichen Sachen und von Rechten. Das Grundst�cksrecht bleibt dagegen ausgeklammert, denn es ist wegen seiner Formalien schwerer zu vergleichen und tr�gt keine grundlegend neuen Erkenntnisse bei.				2020	11	Postprints der Universit�t Potsdam : Rechtswissenschaftliche Reihe							 7	21	31	urn:nbn:de:kobv:517-opus4-442049	10.25932/publishup-44204	B�rgerliches Recht
OPUS4-44158	Wissenschaftlicher Artikel	Ha�ler, Gerda		Sprache als Epiph�nomen in der Geschichte der Sprachwissenschaft	The notion of 'epiphenomenon' is usually used to exclude certain aspects of a scientific object because they are considered to be deduced from others. In linguistics, restrictions of the research object were made, invoking the notion of 'epiphenomenon', which was partially done with a polemical attitude, and was always responded to polemically. The best-known definition of languages as an epiphenomenon is that proposed by Chomsky, who declared that the specific realisations of language do not warrant scientific attention, but there were early relegations of properties of individual languages to the domain of an epiphenomenon of grammar, to the domain of an art and not a science. These relegations from a certain point of abstraction did advance theories of language, even though they took a point of abstraction that did not correspond to the complexity of language.		Pisa	Edizioni ETS	2020	15	Per la storia della linguistica. Saggi in onore di Giorgio Graffi per il suo 70esimo compleanno = 
Blityri. Studi di storia delle idee sui segni e le lingue VIII, 1-2 (2019)	VIII /2019	88-467-5675-4					 1-2	191	206	urn:nbn:de:kobv:517-opus4-441580		Institut f�r Romanistik
OPUS4-44189	Dissertation	Hackmann, Lukas		Die Konkurrenzkonstellationen bei mehrfacher Verwirklichung des � 370 AO			Berlin	Duncker & Humblot	2020	152	Schriften zum Strafrecht ; 349		978-3-428-15854-6					 					Strafrecht
OPUS4-44205	Dissertation	Schulz, Jan		Crowdinvesting	Finanzierung durch den Schwarm Crowdinvesting - auch bekannt als Schwarmfinanzierung - hat in den letzten Jahren deutlich an Relevanz gewonnen. Crowdinvesting bietet Startup- und Wachstumsunternehmen aber auch Entwicklern von Immobilienprojekten eine echte Alternative zum klassischen Bankdarlehen. Hierbei rufen die Unternehmen �ber das Internet zur Finanzierung auf und eine Vielzahl von Kleinanlegern und Business Angels k�nnen sich mit kleinen oder gro�en Betr�gen an der Finanzierung beteiligen. Das Werk beleuchtet dabei grundlegende Fragen wie: - Ist Crowdinvesting dasselbe wie Crowdfunding? Gibt es noch weitere Formen der Schwarmfinanzierung? - Welche Vorteile und Rechte erhalten die Anleger beim Crowdinvesting? - Welche gesetzlichen Rahmenbedingungen gelten f�r Crowdinvesting-Finanzierungen? - Gibt es Bestrebungen f�r einen EU-weit einheitlichen Rechtsrahmen? - Wie sind Eink�nfte aus einer Crowdinvesting-Finanzierung zu versteuern? Muss Umsatzsteuer abgef�hrt werden? Klar strukturiert und verst�ndlich formuliert Das Werk bietet dem Leser eine umfassende Darstellung zum Begriff des Crowdinvesting und Abgrenzung von �hnlichen Schwarmfinanzierungen. Dar�ber hinaus werden die rechtlichen Beziehungen der verschiedenen Beteiligten beim Crowdinvesting zivilrechtlich eingeordnet. Anschlie�end wird der aktuelle aufsichtsrechtliche Rahmen des Crowdinvesting dargestellt und kritisch anhand �konomischer Theorien (insb. Erkenntnisse der behavioral finance) hinterfragt sowie auf seine verfassungsrechtliche Zul�ssigkeit untersucht. Auch die aktuellen Entwicklungen eines europ�ischen Rechtsrahmens f�r Crowdinvesting werden diskutiert. Abschlie�end gibt das Werk Antworten auf ertrags- und umsatzsteuerliche Fragen. Vorteile auf einen Blick - umfassende Darstellung eines aktuellen und (volks-)wirtschaftlich relevanten Themas - Nachschlagewerk f�r zivilrechtliche, aufsichtsrechtliche und steuerliche Fragestellungen beim Crowdinvesting - auch ohne Vorkenntnisse gut verst�ndlich Zielgruppe F�r Rechtsanw�lte, Unternehmen, Wissenschaftler, Betriebs- und Volkswirte sowie alle am Thema Schwarmfinanzierung Interessierte.		M�nchen	Beck	2020	XXV, 168	Steuerrecht im Rechtsstaat ; 3		978-3-406-74413-6					 					B�rgerliches Recht
OPUS4-43713	Dissertation	Dede, Sevda		Der Pers�nlichkeitsschutz des Arbeitnehmers im Hinblick auf heimliche �berwachung nach deutschem und t�rkischem Recht	Arbeitnehmer werden in der heutigen Informationsgesellschaft immer h�ufiger, genauer und dadurch intensiver �berwacht. Die moderne Technik bietet dem Arbeitgeber qualitativ und quantitativ immer bessere Kontrollmechanismen. Dabei werden die verschiedenen �berwachungsmethoden nicht selten heimlich angewandt, was das Pers�nlichkeitsrecht des Arbeitnehmers stark beeintr�chtigt und sich oft in einer rechtlichen Grauzone abspielt. Das Thema der �berwachung am Arbeitsplatz und der Datenschutz stehen in Deutschland insbesondere seit dem Inkrafttreten der DSGVO im Mittelpunkt juristischer Diskussionen. Im Gegensatz zum deutschen Recht fand die Diskussion zur �berwachung am Arbeitsplatz und zum Arbeitnehmerdatenschutz in der T�rkei trotz der Regelung von Art. 419 tOR und der Verabschiedung des t�rkischen Datenschutzgesetzes im Jahr 2016 ihren verdienten Platz noch nicht. Die Autorin nimmt zu den zentralen Streitfragen um die heimliche �berwachung am Arbeitsplatz in Deutschland und in der T�rkei rechtsvergleichend Stellung und will somit zum einen in beiden L�ndern das Bewusstsein f�r Pers�nlichkeits- und Datenschutz am Arbeitsplatz st�rken, zum anderen herausfinden, ob die deutsche Vorgehensweise bei diesem Thema dem t�rkischen Gesetzgeber L�sungsalternativen bieten kann. Im Vordergrund der Untersuchungen stehen dabei die in der Praxis h�ufigsten heimlichen �berwachungsmethoden, die heimliche Video�berwachung, die �berwachung durch Detektive, die Standort�berwachung durch GPS-Empf�nger sowie die E-Mail-�berwachung.		Hamburg	Kovac	2020	388	Schriftenreihe zum internationalen Einheitsrecht und zur Rechtsvergleichung ; 66		978-3-339-11256-9					 					B�rgerliches Recht
OPUS4-49025	Buch (Monographie)	Partenheimer, Lutz; Stellmacher, Andr�		Das Landbuch der Mark Brandenburg von 1375/76	Nachdem Kaiser Karl IV. 1373 seinem Schwiegersohn, Markgraf Otto dem Faulen von Brandenburg, dessen F�rstentum abgenommen hatte, lie� er 1375/76 das sogenannte Landbuch der Mark Brandenburg in lateinischer Sprache anlegen. Es ist eine Zusammenstellung der Burgen, St�dte, D�rfer, Ritter, Gerichte, Dienste, Rechte, Z�lle und anderer Eink�nfte, die dem Markgrafen von Brandenburg damals noch geh�rten. Denn vieles davon war von seinen Vorg�ngern seit dem 13. Jahrhundert zur Beschaffung von Geld bereits an Adlige, Geistliche, St�dte und B�rger verpf�ndet oder verkauft worden. Diese f�r die sp�tmittelalterliche Geschichte der Mark Brandenburg �u�erst wichtige Quelle ist nur noch in drei Abschriften - von denen zwei aus dem Ende des 14.�Jahrhunderts stammen, w�hrend eine weitere zwischen 1420 und 1450 entstand - im Geheimen Staatsarchiv in Berlin-Dahlem �berliefert. Der Text des Landbuches wurde 1781, 1856 und 1940 ver�ffentlicht. Hier liegt der Nachdruck der Edition von Johannes Schultze des allgemeinen Teils - ohne die Dorfregister - erstmals mit einer deutschen �bersetzung vor. Herausgeber und Verlag hoffen, damit den Heimat- und Ortshistorikern sowie allen an der brandenburgischen Geschichte Interessierten die Arbeit mit dieser wichtigen Quelle zu erleichtern.		Potsdam	Klaus Becker Verlag	2020	163			978-3-88372-223-8					 					Historisches Institut
OPUS4-49026	Wissenschaftlicher Artikel	Partenheimer, Lutz	Freund, Stephan; K�ster, Gabriele	Die Bedeutung der Burgen Ballenstedt, Askania (Aschersleben) und Anhalt f�r die fr�hen Askanier sowie Albrecht den B�ren			Regensburg	Schnell und Steiner	2020	24	Albrecht der B�r, Ballenstedt und die Anf�nge Anhalts		978-3-7954-3515-8					 	41	65			Historisches Institut
OPUS4-47267	Review	Agrofylax, Sotirios		Rezension zu: Alexander Schunka: Ein neuer Blick nach Westen. Deutsche Protestanten und Gro�britannien (1688&#8209;1740). - Wiesbaden : Harrassowitz, 2019. - ISBN 978-3-447-11260-4				Wallstein	2020	1	Das achtzehnte Jahrhundert	44	978-3-8353-3620-9					 1	145	146			Institut f�r Germanistik
OPUS4-48824	Dissertation	Arndt, Mario		Die portugiesisch-basierten Kreolsprachen S�dostasiens im Sprachkontakt	Ein Ergebnis der interkulturellen Beziehungen in S�dostasien sind die immer noch existierenden portugiesisch-basierten Kreolsprachen Papia Kristang und Maca�sta, die zu Muttersprachen von Generationen von Menschen in Malakka und Macau geworden sind. Welche Faktoren bewirken den Sprachwandel dieser Idiome, und wie ist dieser erkennbar? Dieser Band besch�ftigt sich nicht nur mit der Sprachdynamik der portugiesisch-basierten Kreolsprachen S�dostasiens, sondern auch mit anderen wesentlichen Fragestellungen der Variationslinguistik. Als Basis dienen die Ergebnisse einer empirischen Datenerhebung, die insbesondere die Ver�nderungen im Sprachgebrauch dokumentieren. Dar�ber hinaus stellt der Autor neue Resultate hinsichtlich der Sprachidentifikationen vor, die nicht nur f�r die Kreolistik von Bedeutung sind, sondern auch fach�bergreifend f�r das Interesse der allgemeinen Sprachwissenschaft.		Frankfurt am Main	Peter Lang GmbH	2020	311	Sprachkontakte. Variation, Migration und Sprachdynamik / Language contacts. Variation, migration and dynamics of languages / Contacts linguistiques. Variation, migration et dynamique linguistique ; 5		978-3-631-82570-9					 				10.3726/b17106	Institut f�r Romanistik
OPUS4-48844	Wissenschaftlicher Artikel	Pr�ve, Ralf	Tomovic, Jelena; Nicke, Sascha	Achtsam Wissen schaffen			Berlin	trafo Verlag	2020	14	Un-Eindeutige Geschichte(n)?! Theorien und Methoden in den Kultur-/Geschichtswissenschaften	7	978-3-86464-209-8					 	19	33			Historisches Institut
OPUS4-48845	Wissenschaftlicher Artikel	Pr�ve, Ralf		Geschichtskunde versus Geschichtswissenschaft, Vielfalt statt Einfalt		1	Berlin	Metropol Verlag	2020	23	Zeitschrift f�r Geschichtswissenschaft	68						 5	393	416			Historisches Institut
OPUS4-48861	Vollst�ndige Ausgabe (Heft) einer Zeitschriftenreihe	Zimmermann, Matthias; Engel, Silke; Kampe, Heike; Bossier-Steuerwald, Sandy; Horn-Conrad, Antje; Mikulla, Stefanie		Portal = Digitalisierung	Di|gi|ta|li|sie|rung, Substantiv, feminin [die] Leere H�rs�le, digitale Lehrveranstaltungen, Teammeetings per ZOOM. Studierende in h�uslicher Selbstisolation, geschlossene Mensen, Maskenpflicht auf dem Campus. In diesen Zeiten w�nscht man sich, man h�tte durch eine VR-Brille geschaut, die eine virtuelle Welt im Pandemiemodus inszeniert, wie es das digitale Schulungsprogramm oKat- SIM tut, um auf m�gliche Katastrophen vorzubereiten. Dann k�nnte man diese VR-Brille einfach absetzen, um in eine corona-freie Welt zur�ckzukehren. Doch das erste rein digitale Semester in der Geschichte der Uni Potsdam ist Realit�t. Wir alle - von Wissenschaft bis Verwaltung, Studierende wie Lehrende - sind gemeinsam (nicht) einsam in diese neue Zeit gestolpert. Auch wenn die Digitalisierung bereits seit Jahrzehnten im Gange ist, war es f�r die UP doch irgendwie ein Sprung ins kalte Wasser: &#8222;Corona-Digitalisierungs-Schub, Digitalisierung im Schnelldurchlauf, Hau-Ruck- Digitalisierung, Verwaltungs- und Retrodigitalisierung &#8230;" Die Beitr�ge zu Digitalisierungstendenzen unterschiedlicher Bereiche der Uni bezeugen, dass wir in den vergangenen Monaten eine neue Stufe der Digitalisierung erklommen haben, beschleunigt durch die Pandemie. Gleichzeitig werden virtuelle Lehr- und Lernwelten in der Forschung seit Langem vorangetrieben, wie vier VR-Projekte in diesem Heft eindr�cklich zeigen. Neben der professionellen, technischen und funktionalen Ebene hat Digitalisierung auch eine soziale, emotionale und individuelle Komponente: Wie f�hlt es sich f�r Studierende und Lehrende an, digital kulturelle Grenzen zu �berwinden? Wie war es f�r Besch�ftigte der Uni, auf digitale Events umzusteigen? Wie sieht derzeit ein Tag in der Studienberatung aus? Was hat es mit Digital Humanities und dem neuen Dezernat f�r Forschungs- und Publikationsunterst�tzung auf sich? In Interviews, Experten- und Streitgespr�chen geben unterschiedliche Akteure der Uni Potsdam Antworten darauf, was uns die Digitalisierung gebracht hat und wie sie k�nftig umgesetzt werden soll. In den Beitr�gen wird die digitale Transformation erfasst, beschrieben und - von einigen ganz Schnellen - sogar zeitgleich wissenschaftlich ausgewertet. Dabei hat uns im Team der Pressestelle schon die Visualisierung des Leitthemas f�r das Titelbild dieser Ausgabe in punkto Meinungsaustausch zur H�chstform auflaufen lassen: Weckt ein leerer H�rsaal negative Assoziationen? Bedeutet ein Hintergrund in pastelligem Rosa, wir stecken noch in digitalen Babyschuhen? �berrascht, irritiert oder langweilt die Illustration? Bei Redaktionsschluss war zumindest eines klar: Digitalisierung ist ein h�chst sensibles Thema mit vielen streitbaren Aspekten. Sie kann Menschen verunsichern, aber auch Dinge aus ihnen herausholen, die sie selbst nicht f�r m�glich gehalten hatten. Digitalisierung trennt Menschen r�umlich, zugleich verbindet sie - allen Nullen und Einsen, aller Glasfaser- und Satellitentechnik zum Trotz. Sie f�rdert das Zwischenmenschliche an der Universit�t. Sie lehrt uns im Homeoffice und im virtuellen H�rsaal, wie wichtig uns das Soziale war, ist und bleibt. Welchen gro�en Stellenwert der Austausch am Kaffeeautomaten, das Experiment im Labor, die Forschung im Feld, das Lachen in der Mensa und der Flirt auf dem Campus haben, sobald diese physischen Begegnungen wegfallen. Digitalisierung in Zeiten der Pandemie ist eine Reise mit &#8222;Destination unbekannt". Aber ganz gleich, ob Sie �berraschungen m�gen oder nicht, ob Sie der Sicherheits- oder Risikotyp sind, der dem Analogen nachh�ngt oder sich in unbekannten Str�mungen des Digitalen treiben l�sst - wir freuen uns, dass Sie diese Ausgabe in H�nden halten, so oder so, analog oder digital.				2020	62								 2			urn:nbn:de:kobv:517-opus4-488619	10.25932/publishup-48861	Referat f�r Presse- und �ffentlichkeitsarbeit
OPUS4-47889	Wissenschaftlicher Artikel	Ungelenk, Johannes		Feministisches Spekulieren	"Der Begriff der Spekulation erlebt seit einigen Jahren eine wirkungsm�chtige Renaissance. Ma�geblich an dieser Entwicklung beteiligt d�rfte die vielbeachtete Initiative einer Gruppe von Philosophen um Quentin Meillassoux sein, aus der das Label &#8218;Spekulativer Realismus' hervorgegangen ist. Im Gegensatz zu hegemonialen Str�mungen des philosophischen Diskurses wird innerhalb feministischer Forschung mit dem Begriff der Spekulation jedoch kein &#8218;vergessenes' oder abseitig gelegenes Konzept wiederbelebt: &#8218;Das Spekulieren' steht bereits im Mittelpunkt eines der wichtigsten Texte der feministischen Theoriebildung, es findet sich in Luce Irigarays umfassender Aufarbeitung dessen, was sie &#8222;sp�cula(risa)tion" nennt. Irigaray findet in Meilensteinen der abendl�ndischen Philosophiegeschichte ein konstitutiv wiederkehrendes Schema der Spekulation, das aufzeigt, dass die Produktion von stabiler Wahrheit auf den Ausschluss eines weiblichen Anderen angewiesen ist. Aus der aktuellen Konjunktur des Spekulationsbegriffs im Feld der feministischen und queeren Theoriebildung ergibt sich ein interessanter Interferenzeffekt: Meillassoux' Konzept des Spekulierens wechselwirkt mit Irigarays, wobei sich die Phasen von Affirmation und Kritik der Spekulation nicht schlicht ausl�schen, sondern, gewisserma�en aus dem schr�gen, que(e)ren Winkel zwischen beiden vielmehr ein komplexes Diffraktionsmuster erzeugen. ... "		Berlin	Kulturverlag Kadmos	2020	17	Feministisches Spekulieren : Genealogien, Narrationen, Zeitlichkeiten		978-3-86599-446-2					 	62	79			Institut f�r K�nste und Medien
OPUS4-47578	Wissenschaftlicher Artikel	Ungelenk, Johannes	Fluhrer, Sandra; Waszynski, Alexander	Touching this dreaded sight	Ausgehend von der in Shakespeare zweimal wiederkehrenden Phrase &#8222;Touching this dreaded sight" widmet sich der Beitrag mithilfe ausgew�hlter Stellen aus Shakespeares Hamlet und The Tempest der Wirkkraft des fr�hneuzeitlichen Theaters. Er geht der Frage nach, wie Zuschauer*innen eines St�ckes aus der Distanz be-troffen und ge-r�hrt werden. Um dem nachzudenken, wie diese Distanz zwischen dem Visuellen, dem Schauen im Theater, und dem Haptischen, der Ber�hrung, �berbr�ckt werden kann, helfen fr�hneuzeitliche Vorstellungen von theatraler Ansteckungskraft und Hans Blumenbergs Konzept menschlicher Betreffbarkeit.		Freiburg i. Br.	Rombach	2020	17	Tangieren : Praktiken und Arrangements des Ber�hrens in den performativen K�nsten		978-3-96821-002-5					 	203	220			Institut f�r K�nste und Medien
OPUS4-47982	Wissenschaftlicher Artikel	Angerer, Marie-Luise		No Stopping Points Anymore			Berlin	Kulturverlag Kadmos	2020	12	Feministisches Spekulieren : Genealogien, Narrationen, Zeitlichkeiten		978-3-86599-446-2					 	96	108			Institut f�r K�nste und Medien
OPUS4-47884	Wissenschaftlicher Artikel	Ungelenk, Johannes	Lehnert, Gertrud; Weilandt, Maria	Rilkes &#8218;Tanagra'	"Rainer Maria Rilkes wohl 1906 in Paris entstandenes Gedicht zeugt vom sp�ten Siegeszug eines Typus antiker Miniaturen. Etwa um 1870 erreichten kolorierte, maximal zwei Handspannen gro�e und in Geste und Formensprache leicht wiedererkennbare Frauen-Statuetten Paris - und verzauberten sofort die kunstbegeisterten B�rger*innen der Stadt. Ab der Mitte des Jahrhunderts waren die Figuren rund um das griechische Tanagra in gr��erem Umfange ausgegraben worden. Sie dienten meist als Grabbeigaben; einzelne Tanagrafiguren sind aber auch als Ausstattungsgegenstand des Andron, eines repr�sentativen Raums f�r geselliges Beisammensein, aufgefunden worden. Vorbilder f�r die Tanagras sind wohl weniger lebensweltlicher Art, sondern stammen eher aus der Gro�plastik. Es ist anzunehmen, dass die Miniaturisierung mit der kultischen Funktion der Figuren als Beigabe in Verbindung steht. Daf�r spricht auch, dass die als Ausstattungsgegenstand verwendeten Tanagras dazu tendieren, gr��er zu sein als die Gr�ber beigegebenen. ..."		W�rzburg	K�nigshausen & Neumann	2020	27	Materielle Miniaturen : zur �sthetik der Verkleinerung		978-3-8260-6679-5					 	257	284			Institut f�r K�nste und Medien
OPUS4-48096	Dissertation	Uriona, Viviana		Sie senden den Wandel	Altbekannt ist, welch wichtige Rolle Medien bei der Konsolidierung oder aber auch bei der Transformation einer Gesellschaft spielen. Was aber geschieht, wenn Medien von unten aus agieren und dies in gro�er Zahl geschieht, unter Einbindung vieler gesellschaftlicher Akteure sowie gegen�ber einem umfassenden Publikum? In Argentinien hat sich eine faszinierende Radiolandschaft gebildet, die kollektiv, partizipativ und progressiv arbeitet: Die Community-Radios. Viviana Uriona nimmt uns mit auf eine ethnografische Reise durch die Geschichte dieser Radios, analysiert ihre Arbeitsweise und sucht nach den Gr�nden ihres Erfolges. Am Ende der Lekt�re bleibt eine Frage nicht mehr offen: K�nnte hierzulande in gleicher Weise gelingen, was dort geschah?		Stuttgart	Ibidem-Verlag	2020	VIII, 227	Von Antidiskriminierung zu Diversity und Inklusion : Wissenschaft und Praxis im Dialog		978-3-8382-1464-1					 4					Institut f�r K�nste und Medien
OPUS4-48720	Dissertation	Zaruba, Nicole		Die Entwicklung von Lehrer�berzeugungen im Potsdamer Praxissemester					2020	viii, 195								 					Department Erziehungswissenschaft
OPUS4-48390	Buch (Monographie)		Hoppe, Albrecht; Neitmann, Klaus; St�ber, Rudolf	Die Immediatzeitungsberichte der Potsdamer Regierungspr�sidenten 1867-1914; Band 3			Bremen	edition lumi�re	2020	VII, 1978-2874	Presse und Geschichte ; Band 119
Brandenburgisches Landeshauptarchiv: Einzelver�ffentlichung des Brandenburgischen Landeshauptarchivs ; Band 21.3
Verband Deutscher Archivarinnen und Archivare. Landesverband Brandenburg: Ver�ffentlichungen des Landesverbandes Brandenburg des Verbandes Deutscher Archivarinnen und Archivare e.V. ; Band 5.3		978-3-943245-85-1					 					Historisches Institut
OPUS4-48392	Buch (Monographie)		Hoppe, Albrecht; Neitmann, Klaus; St�ber, Rudolf	Die Immediatzeitungsberichte der Potsdamer Regierungspr�sidenten 1867-1914 Band 4., Registerband			Bremen	edition lumi�re	2020	V, 2876-3566	Presse und Geschichte ; Band 120
Brandenburgisches Landeshauptarchiv: Einzelver�ffentlichung des Brandenburgischen Landeshauptarchivs ; Band 21.4
Verband Deutscher Archivarinnen und Archivare. Landesverband Brandenburg: Ver�ffentlichungen des Landesverbandes Brandenburg des Verbandes Deutscher Archivarinnen und Archivare e.V. ; Band 5.4		978-3-943245-86-8					 					Historisches Institut
OPUS4-48455	Dissertation	Finke, Hannah		Toxicological Characterization of Arsenolipids in vitro and Analysis of Global DNA (Hydroxy)methylation in the Context of Aging, Trace Element Status, and Genomic Stability					2020	t, 222, XXVII								 					Institut f�r Ern�hrungswissenschaft
OPUS4-48460	Dissertation	Muster, Judith		Grenzen des Organisierbaren					2020									 					Fachgruppe Politik- & Verwaltungswissenschaft
OPUS4-48431	Buch (Monographie)	Juchler, Ingo		Die DDR im Jahr 1989			Erfurt	Landeszentrale f�r politische Bildung Th�ringen	2020	152			978-3-948643-07-2					 					Wirtschaftswissenschaften
OPUS4-49113	Wissenschaftlicher Artikel	Gwozdz, Patricia Aneta	Heller, Jakob; Sch�nbeck, Sebastian; Martik, Erik	Figura�Tropicana			Berlin	De Gruyter	2020	21	Ding und Bild in der Europ�ischen Romantik		978-3-11-068598-5					 	135	156		10.1515/9783110686197-007	Institut f�r Romanistik
OPUS4-49112	Wissenschaftlicher Artikel	Gwozdz, Patricia Aneta	Schikowski, Michael; Schneider, Ute	Die Tierfl�sterer. Konrad Lorenz, Niko Tinbergen und die "poetische Lizenz" des ethologischen Genres seit den 1960er Jahren			Hannover	Wehrhahn Verlag	2020	19	Animal Print : Das popul�re Tiersachbuch (Non-Fiktion. Arsenal der anderen Gattung)	15	978-3-86525-823-6					 1/2	103	122			Institut f�r Romanistik
OPUS4-49116	Wissenschaftlicher Artikel	Gwozdz, Patricia Aneta	Adamzik, Kirsten; Kessanlis, Mikaela	Feld und Stil			T�bingen	Narr Verlag	2020	34	Stilwechsel und ihre Funktionen in Textsorten der Fach- und Wissenschaftskommunikation		978-3-8233-8223-2					 	111	145			Institut f�r Romanistik
OPUS4-49117	Wissenschaftlicher Artikel	Gwozdz, Patricia Aneta	Willer, Stefan; Keller, Andreas	Autopoiesis als Modell interdiskursive�Selbst�bersetzung			Berlin	Kadmos	2020	22	Selbst�bersetzung als Wissenstransfer		978-3-86599-467-7					 	279	301			Institut f�r Romanistik
OPUS4-49121	Habilitation	Henkel-Oberl�nder, Janin		Einfluss von Prostaglandin E2 auf die Entstehung von Insulinresistenz und die Regulation der Entz�ndungsantwort bei der Di�t-induzierten nicht-alkoholischen Fettlebererkrankung	Weltweit sind fast 40 % der Bev�lkerung �bergewichtig und die Pr�valenz von Adipositas, Insulinresistenz und den resultierenden Folgeerkrankungen wie dem Metabolischen Syndrom und Typ-2-Diabetes steigt rapide an. Als h�ufigste Ursachen werden di�tetisches Fehlverhalten und mangelnde Bewegung angesehen. Die nicht-alkoholische Fettlebererkrankung (NAFLD), deren Hauptcharakteristikum die exzessive Akkumulation von Lipiden in der Leber ist, korreliert mit dem Body Mass Index (BMI). NAFLD wird als hepatische Manifestation des Metabolischen Syndroms angesehen und ist inzwischen die h�ufigste Ursache f�r Leberfunktionsst�rungen. Die Erkrankung umfasst sowohl die benigne hepatische Steatose (Fettleber) als auch die progressive Form der nicht-alkoholischen Steatohepatitis (NASH), bei der die Steatose von Entz�ndung und Fibrose begleitet ist. Die Ausbildung einer NASH erh�ht das Risiko, ein hepatozellul�res Karzinom (HCC) zu entwickeln und kann zu irreversibler Leberzirrhose und terminalem Organversagen f�hren. Nahrungsbestandteile wie Cholesterol und Fett-reiche Di�ten werden als m�gliche Faktoren diskutiert, die den �bergang einer einfachen Fettleber zur schweren Verlaufsform der Steatohepatitis / NASH beg�nstigen. Eine Ausdehnung des Fettgewebes wird von Insulinresistenz und einer niedrig-gradigen chronischen Entz�ndung des Fettgewebes begleitet. Neben Endotoxinen aus dem Darm gelangen Entz�ndungsmediatoren aus dem Fettgewebe zur Leber. Als Folge werden residente Makrophagen der Leber, die Kupfferzellen, aktiviert, die eine Entz�ndungsantwort initiieren und weitere pro-inflammatorische Mediatoren freisetzen, zu denen Chemokine, Cytokine und Prostanoide wie Prostaglandin E2 (PGE2) geh�ren. In dieser Arbeit soll aufgekl�rt werden, welchen Beitrag PGE2 an der Ausbildung von Insulinresistenz, hepatischer Steatose und Entz�ndung im Rahmen von Di�t-induzierter NASH im komplexen Zusammenspiel mit der Regulation der Cytokin-Produktion und anderen Co-Faktoren wie Hyperinsulin�mie und Hyperlipid�mie hat. In murinen und humanen Makrophagen-Populationen wurde untersucht, welche Faktoren die Bildung von PGE2 f�rdern und wie PGE2 die Entz�ndungsantwort aktivierter Makrophagen reguliert. In prim�ren Hepatozyten der Ratte sowie in isolierten humanen Hepatozyten und Zelllinien wurde der Einfluss von PGE2 allein und in Kombination mit Cytokinen, deren Bildung durch PGE2 beeinflusst werden kann, auf die Insulin-abh�ngige Regulation des Glucose- und Lipid-stoffwechsels untersucht. Um den Einfluss von PGE2 im komplexen Zusammenspiel der Zelltypen in der Leber und im Gesamtorganismus zu erfassen, wurden M�use, in denen die PGE2-Synthese durch die Deletion der mikrosomalen PGE-Synthase 1 (mPGES1) vermindert war, mit einer NASH-induzierenden Di�t gef�ttert. In Lebern von Patienten mit NASH oder in M�usen mit Di�t-induzierter NASH war die Expression der PGE2-synthetisierenden Enzyme Cyclooxygenase 2 (COX2) und mPGES1 sowie die Bildung von PGE2 im Vergleich zu gesunden Kontrollen gesteigert und korrelierte mit dem Schweregrad der Lebererkrankung. In prim�ren Makrophagen aus den Spezies Mensch, Maus und Ratte sowie in humanen Makrophagen-Zelllinien war die Bildung pro-inflammatorischer Mediatoren wie Chemokinen, Cytokinen und Prostaglandinen wie PGE2 verst�rkt, wenn die Zellen mit Endotoxinen wie Lipopolysaccharid (LPS), Fetts�uren wie Palmitins�ure, Cholesterol und Cholesterol-Kristallen oder Insulin, das als Folge der kompensatorischen Hyperinsulin�mie bei Insulinresistenz verst�rkt freigesetzt wird, inkubiert wurden. Insulin steigerte dabei synergistisch mit LPS oder Palmitins�ure die Synthese von PGE2 sowie der anderen Entz�ndungsmediatoren wie Interleukin (IL) 8 und IL-1&#946;. PGE2 reguliert die Entz�ndungsantwort: Neben der Induktion der eigenen Synthese-Enzyme verst�rkte PGE2 die Expression der Immunzell-rekrutierenden Chemokine IL-8 und (C-C-Motiv)-Ligand 2 (CCL2) sowie die der pro-inflammatorischen Cytokine IL-1&#946; und IL-6 in Makrophagen und kann so zur Verst�rkung der Entz�ndungsreaktion beitragen. Au�erdem f�rderte PGE2 die Bildung von Oncostatin M (OSM) und OSM induzierte in einer positiven R�ckkopplungsschleife die Expression der PGE2-synthetisierenden Enzyme. Andererseits hemmte PGE2 die basale und LPS-vermittelte Bildung des potenten pro-inflammatorischen Cytokins Tumornekrosefaktor &#945; (TNF&#945;) und kann so die Entz�ndungsreaktion abschw�chen. In prim�ren Hepatozyten der Ratte und humanen Hepatozyten beeintr�chtigte PGE2 direkt die Insulin-abh�ngige Aktivierung der Insulinrezeptor-Signalkette zur Steigerung der Glucose-Verwertung, in dem es durch Signalketten, die den verschiedenen PGE2-Rezeptoren nachgeschaltet sind, Kinasen wie ERK1/2 und IKK&#946; aktivierte und eine inhibierende Serin-Phosphorylierung der Insulinrezeptorsubstrate bewirkte. PGE2 verst�rkte au�erdem die IL-6- oder OSM-vermittelte Insulinresistenz und Steatose in prim�ren Hepatozyten der Ratte. Die Wirkung von PGE2 im Gesamtorganismus sollte in M�usen mit Di�t-induzierter NASH untersucht werden. Die F�tterung einer Hochfett-Di�t mit Schmalz als Fettquelle, das vor allem ges�ttigte Fetts�uren enth�lt, verursachte Fettleibigkeit, Insulinresistenz und eine hepatische Steatose in Wildtyp-M�usen. In Tieren, die eine Hochfett-Di�t mit Soja�l als Fettquelle, das vor allem (&#969;-6)-mehrfach-unges�ttigte Fetts�uren (PUFAs) enth�lt, oder eine Niedrigfett-Di�t mit Cholesterol erhielten, war lediglich eine hepatische Steatose nachweisbar, jedoch keine verst�rkte Gewichtszunahme im Vergleich zu Geschwistertieren, die eine Standard-Di�t bekamen. Im Gegensatz dazu verursachte die F�tterung einer Hochfett-Di�t mit PUFA-reichem Soja�l als Fettquelle in Kombination mit Cholesterol sowohl Fettleibigkeit und Insulinresistenz als auch hepatische Steatose mit Hepatozyten-Hypertrophie, lobul�rer Entz�ndung und beginnender Fibrose in Wildtyp-M�usen. Diese Tiere spiegelten alle klinischen und histologischen Parameter der humanen NASH im Metabolischen Syndrom wider. Nur die Kombination von hohen Mengen unges�ttigter Fetts�uren aus Soja�l und Cholesterol in der Nahrung f�hrte zu einer exzessiven Akkumulation des Cholesterols und der Bildung von Cholesterol-Kristallen in den Hepatozyten, die zur Sch�digung der Mitochondrien, schwerem oxidativem Stress und schlie�lich zum Absterben der Zellen f�hrten. Als Konsequenz phagozytieren Kupfferzellen die Zelltr�mmer der Cholesterol-�berladenen Hepatozyten, werden dadurch aktiviert, setzen Chemokine, Cytokine und PGE2 frei, die die Entz�ndungsreaktion verst�rken und die Infiltration von weiteren Immunzellen initiieren k�nnen und verursachen so eine Progression zur Steatohepatitis (NASH). Die Deletion der mikrosomalen PGE-Synthase 1 (mPGES1), dem induzierbaren Enzym der PGE2-Synthese aus Cyclooxygenase-abh�ngigen Vorstufen, reduzierte die Di�t-abh�ngige Bildung von PGE2 in der Leber. Die F�tterung der NASH-induzierenden Di�t verursachte in Wildtyp- und mPGES1-defizienten M�usen eine �hnliche Fettleibigkeit und Zunahme der Fettmasse sowie die Ausbildung von hepatischer Steatose mit Entz�ndung und Fibrose (NASH) im histologischen Bild. In mPGES1-defizienten M�usen waren jedoch Parameter f�r die Infiltration von Entz�ndungszellen und die Di�t-abh�ngige Sch�digung der Leber im Vergleich zu Wildtyp-Tieren erh�ht, was sich auch in einer st�rkeren Di�t-induzierten systemischen Insulinresistenz widerspiegelte. Die Bildung des pro-inflammatorischen und pro-apoptotischen Cytokins TNF&#945; war in mPGES1-defizienten M�usen durch die Aufhebung der negativen R�ckkopplungshemmung verst�rkt, was einen gesteigerten Di�t-induzierten Zelluntergang gestresster Lipid-�berladener Hepatozyten und eine nach-geschaltete Entz�ndungsantwort zur Folge hatte. Zusammenfassend wurde unter den gew�hlten Versuchsbedingungen in vivo eine anti-inflammatorische Rolle von PGE2 verifiziert, da das Prostanoid vor allem indirekt durch die Hemmung der TNF&#945;-vermittelten Entz�ndungsreaktion die Sch�digung der Leber, die Verst�rkung der Entz�ndung und die Ausbildung von Insulinresistenz im Rahmen der Di�t-abh�ngigen Fettlebererkrankung abschw�chte.				2020	171								 					Institut f�r Ern�hrungswissenschaft
OPUS4-49263	misc	Stockhorst, Stefanie		Vorstandssitzung der International Society for Eighteenth-Century Studies (ISECS) in Potsdam mit einem Kolloquium �Man's Best Friend? Human-Animal Relations and their Cultural Representations in the 18th Century/ Le meilleur ami de l'homme? Les relations humains-animaux et leurs repr�sentations culturelles au XVIIIe si�cle�, 3.-6. August 2020 an der Universit�t Potsdam			G�ttingen	Wallenstein	2020	1	Das achtzehnte Jahrhundert : Zeitschrift der Deutschen Gesellschaft f�r die Erforschung des achtzehnten Jahrhundert	44	978-3-8353-3736-7					 2	163	164			Institut f�r Germanistik
OPUS4-49264	Review	Stockhorst, Stefanie		Rezension zu: Volkhard Wels: Kunstvolle Verse. Stil- und Versreformen um 1600 und die Entstehung einer deutschsprachigen &#8218;Kunstdichtung'. - Wiesbaden: 2018, 378 S. - (Episteme in Bewegung. Beitr�ge zu einer transdisziplin�ren Wissensgeschichte ; Bd. 12). - ISBN 978-3-447-11073-0			Leiden	Brill	2020	3	Daphnis : Zeitschrift f�r deutsche Literatur und Kultur der fr�hen Neuzeit (1400-1750)	48						 4	645	648			Institut f�r Germanistik
OPUS4-49266	Review	Stockhorst, Stefanie		Verehrungsw�rdiger, braver Vertheidiger der Menschenrechte! Der Briefwechsel zwischen Adolph Freiherrn Knigge und Sophie und Johann Albert Heinrich Reimarus 1791-1796 / herausgegeben von G�nter Jung ; Michael R�ppel. - G�ttingen: Wallstein, 2019. - 294 S. - ISBN: 978-3-8353-3433-5			Wolfenb�ttel	Wallstein	2020	0	Das achtzehnte Jahrhundert : Zeitschrift der Deutschen Gesellschaft f�r die Erforschung des Achtzehnten Jahrhunderts	44						 1	131	131			Institut f�r Germanistik
OPUS4-49265	Review	Stockhorst, Stefanie		Rezension zu: Kriegstheater. Darstellungen von Krieg, Kampf und Schlacht in Drama und Theater seit der Antike / Hrsg.: Michael Auer, Claude Haas. - Stuttgart: Metzler, 2018. - VI, 301 S. - ISBN: 978-3-476-04647-5			Berlin, Boston	De Gruyter	2020	2	Arbitrium : Zeitschrift f�r Rezensionen zur germanistischen Literaturwissenschaft	38						 3	279	281			Institut f�r Germanistik
OPUS4-46913	Dissertation	Lambrecht, Jennifer		Warum machen wir nicht einfach Inklusion?	Die Entwicklung einer Theorie zur schulischen Inklusion ist das zentrale Thema der Dissertation. Die Autorin nutzt empirische Analysen zur Umsetzung inklusiven Lernens sowie Daten zu sonderp�dagogischen F�rderschwerpunkten an inklusiven Grundschulen f�r die Erarbeitung von Bedingungen und Formen eines inklusiven Schulsystems. Empirische Daten zur Umsetzung inklusiver Bildung liegen aus vielen Bundesl�ndern vor, es fehlte jedoch eine forschungsleitende Theorie zur Einordnung und Analyse der Daten. Jennifer Lambrecht hat diese Theorie auf Grundlage der Systemtheorie Luhmanns entwickelt. Sie differenziert zwischen Schulsystemen und verortet unterschiedliche Inklusionsverst�ndnisse. Im Ergebnis entwickelt sie f�nf Thesen zur schulischen Inklusion im allgemeinen Schulsystem und im Sonderschulsystem. Die Dissertation, die ein hochaktuelles Thema der empirischen Bildungsforschung behandelt, regt zum Mit- und Nachdenken an und generiert neue, interessante Forschungsfragen.		Bielefeld	W. Bertelsmann Verlag	2020	236	Perspektive Schule		978-3-7639-6117-7					 1					Strukturbereich Bildungswissenschaften
OPUS4-50359	Wissenschaftlicher Artikel	Krochmalnik, Daniel		Psalm 61: "Nanga Parbat"			Freiburg i. Br.	Verein Freiburger Rundbrief, Arbeitskreis f�r christlich-j�dische Begegnung e.V.	2020	4	Zeitschrift f�r christlich-j�dische Begegnung im Kontext							 1/2	96	100			Institut f�r J�dische Theologie
OPUS4-50369	Wissenschaftlicher Artikel	Krochmalnik, Daniel		Die Psalmen in der j�dischen Fr�mmigkeit am Beispiel des Sabbateingangspsalters					2020	6	Bibel und Kirche : die Zeitschrift zur Bibel in Forschung und Praxis	4						 	219	225			Institut f�r J�dische Theologie
OPUS4-50363	Wissenschaftlicher Artikel	Krochmalnik, Daniel		Mila und Shoah			Freiburg	Herder	2020	10	Die Beschneidung Jesu : Was sie Juden und Christen bedeutet		978-3-451-38643-5					 	278	288			Institut f�r J�dische Theologie
OPUS4-50365	Review	Krochmalnik, Daniel		Rezension zu: Gr�zinger, Karl Erich: Summa Theologiae Judaicae- Teil 1 / Gr�zinger, Karl Erich: J�disches Denken. Theologie - Philosophie - Mystik, Bd. 5. Meinungen und Richtungen im 20. und 21. Jahrhundert, Campus Verlag, Frankfurt am Main 2019, 856 S. Bibliographie zu J�disches Denken auf der Website des Verlages https://www.campus .de/isbn/ 9783593511078, 137 S.			Ebenfurth	David	2020	1	DAVID &#8211; J�dische Kulturzeitschrift	32						 124	60	61			Institut f�r J�dische Theologie
OPUS4-50362	Wissenschaftlicher Artikel	Krochmalnik, Daniel		Ein Gott - drei Wege			T�bingen	Mohr Siebeck	2020	21	Christologie zwischen Judentum und Christentum : Jesus, der Jude aus Galil�a, und der christliche Erl�ser		978-3-16-159096-2					 	333	354			Institut f�r J�dische Theologie
OPUS4-50367	Wissenschaftlicher Artikel	Krochmalnik, Daniel		Bibelliebe			W�rzburg	K�nigshausen & Neumann	2020	13	Lebensweg, religi�se Erziehung und Bildung : Religionsp�dagogik als Autobiographie ; Teilband 7		978-3-8260-7183-6					 	163	176			Institut f�r J�dische Theologie
OPUS4-50372	Teil eines Buches	Krochmalnik, Daniel		Recht und Moral - J�disch			Paderborn	Sch�ningh	2020	2	Lexikon f�r Kirchen- und Religionsrecht : Band 3, L - R		978-3-506-78639-5					 	749	751			Institut f�r J�dische Theologie
OPUS4-50360	Wissenschaftlicher Artikel	Krochmalnik, Daniel		Die Stiftsh�tte			Heidelberg	Universit�tsverlag Winter	2020	16	Sakrale R�ume im Judentum : Festschrift f�r Salomon Korn		978-3-8253-4641-6					 	1	17			Institut f�r J�dische Theologie
OPUS4-49248	Buch (Monographie)		Lampart, Fabian; Navratil, Michael; Balint, Iuditha; Moser, Natalie; Humbert, Anna-Marie	Daniel Kehlmann und die Gegenwartsliteratur	Daniel Kehlmann ist als Autor ebenso popul�r wie umstritten. Seine Romane sind Besteller und zugleich Gegenstand kontroverser Debatten. Im literarischen Leben ist Kehlmann eine Stimme, die mit ebenso differenzierten wie provokativen Interventionen auf sich aufmerksam macht. In diesem Band wird der Versuch unternommen, Autor und Werk im literarischen Feld der Gegenwart zu verorten. Dabei wird einerseits Kehlmanns Poetik rekonstruiert, mit besonderer Ber�cksichtigung der f�r seine Texte charakteristischen intertextuellen und intermedialen Bez�ge. Andererseits wird seine Werkpolitik in den Blick genommen. Autor und Werk, aber auch ihre Rezeption sollen zudem mit Blick auf spezifische Tendenzen der Gegenwartsliteratur befragt werden - etwa ein vermeintliches oder tats�chliches Spannungsverh�ltnis zwischen &#8250;unterhaltender&#8249; und &#8250;ernster&#8249; Literatur - und gegebenenfalls auch den Anlass bieten, bestehende Analyse- und Beschreibungskategorien zur Diskussion zu stellen.		Berlin, Boston	De Gruyter	2020	VII, 401			978-3-11-064513-2					 					Institut f�r Germanistik
OPUS4-47875	Buch (Monographie)	Parisse, Lydie	Klettke, Cornelia; Kilian, Sven Thorsten	Die Gegenspielerin			Berlin	Edition Noack & Block	2020	190			978-3-86813-088-1					 					Institut f�r Romanistik
OPUS4-44454	Dissertation	Dombrowsky, Jelka		Die Einwirkungen des Unionsrechts auf Doppelbesteuerungsabkommen	Die Arbeit besch�ftigt sich mit Einwirkungen des Unionsrechts auf Doppelbesteuerungsabkommen. Werden Doppelbesteuerungsabkommen zwischen Staaten geschlossen, die zugleich Mitglied der Europ�ischen Union sind, haben diese zus�tzlich das Unionsrecht, insbesondere die Grundfreiheiten und Richtlinien, zu beachten. Die Arbeit besch�ftigt sich mit der Frage, wie das grunds�tzlich vorrangige Unionsrecht auf die Regelungen der Doppelbesteuerungsabkommen einwirkt, wann diese Regelungen dennoch anzuwenden sind und wie die Vorschriften f�r das jeweils nationale Steuerrecht sowie die Doppelbesteuerungsabkommen ausgestaltet werden d�rfen. Auf der Grundlage verschiedener Entscheidungen des Europ�ischen Gerichtshofs schafft die Arbeit eine Grundlage f�r die verl�ssliche Beurteilung vorliegender und k�nftiger F�lle, findet dabei einen Ausgleich zwischen dem Unionsrecht und dem jeweils nationalen Steuerrecht und zeigt M�glichkeiten f�r die Staaten auf, Steuervermeidungsmodelle zu verhindern.		Berlin	Duncker & Humblot	2020	461	Schriften zum Steuerrecht ; 149		978-3-428-15839-3					 					�ffentliches Recht
OPUS4-44436	misc			Forschungsdatenstrategie 2019-2022	Diese Forschungsdatenstrategie definiert die technischen und organisatorischen Voraussetzungen zur Einhaltung der Forschungsdaten-Policy der Universit�t Potsdam, zu deren Schaffung sich die Universit�t verpflichtet. Sie behandelt Fragen von Offenheit und Nachnutzbarkeit ebenso wie Herausforderungen, die sich aus der Digitalisierung von Forschungsprozessen ergeben. Dazu definiert sie auf Basis einer ausf�hrlichen Bewertung des Ist-Stands an der Universit�t Potsdam 22 Handlungsziele in den Handlungsfeldern &#8222;IT-Infrastruktur f�r die Forschung", &#8222;Dedizierte Forschungsdaten-Dienste" und &#8222;Kommunikation und Vernetzung". Die Handlungsziele sollen bis Ende 2022 umgesetzt werden. Diese Strategie wurde am 4. September 2019 vom Pr�sidium beschlossen und am 25. September 2019 vom Senat zur Kenntnis genommen. Sie wird hier mit redaktionellen �nderungen an Fu�noten, Abbildungen und Anh�ngen ver�ffentlicht.		Potsdam	Universit�tsverlag Potsdam	2020	56								 			urn:nbn:de:kobv:517-opus4-444366	10.25932/publishup-44436	Pr�sident | Vizepr�sidenten
OPUS4-44437	misc			Forschungsdaten-Policy und Handlungsempfehlungen zum Umgang mit Forschungsdaten	Die Forschungsdaten-Policy der Universit�t Potsdam wurde am 25.09.2019 vom Senat der Universit�t Potsdam verabschiedet und am 30.09.2019 in den amtlichen Bekanntmachungen ver�ffentlicht. Sie richten sich an alle wissenschaftlich und forschungsunterst�tzend t�tigen Mitglieder und Angeh�rigen. Die Handlungsempfehlungen zum Umgang mit Forschungsdaten konkretisieren und erg�nzen die Forschungsdaten-Policy der Universit�t Potsdam. Sie richten sich an alle wissenschaftlich und forschungsunterst�tzend t�tigen Mitglieder und Angeh�rigen und wurden am 09.10.2019 durch die Kommission f�r Forschung und wissenschaftlichen Nachwuchs (FNK) angenommen.	Stand: Oktober 2019	Potsdam	Universit�tsverlag Potsdam	2020	19						Research Data Policy and Recommendations for the Handling of Research Data		 			urn:nbn:de:kobv:517-opus4-444374	10.25932/publishup-44437	Senat
